{"cameraMode":{"drawMode":0,"name":"Shaded","section":"Shading Mode"},"sceneLighting":false,"audioPlay":false,"sceneViewState":{"showFog":true,"showMaterialUpdate":false,"showSkybox":true,"showFlares":true,"showImageEffects":true,"showParticleSystems":true},"in2DMode":false,"pivot":{"x":-4.76837158203125e-7,"y":0.526199996471405,"z":-0.16191864013671876},"rotation":{"x":-0.03822820261120796,"y":-0.843584418296814,"z":0.5321956872940064,"w":-0.060595422983169559},"size":11.106851577758789,"orthographic":false}